{"v":4,"entries":{"configure-your-project--docs":{"id":"configure-your-project--docs","title":"Configure your project","name":"Docs","importPath":"./stories/Configure.mdx","storiesImports":[],"type":"docs","tags":["unattached-mdx","docs"]},"example-button--docs":{"id":"example-button--docs","title":"Example/Button","name":"Docs","importPath":"./stories/Button.stories.js","type":"docs","tags":["autodocs","docs"],"storiesImports":[]},"example-button--primary":{"type":"story","id":"example-button--primary","name":"Primary","title":"Example/Button","importPath":"./stories/Button.stories.js","tags":["autodocs","story"]}}}
