{"v":3,"stories":{"configure-your-project--docs":{"id":"configure-your-project--docs","title":"Configure your project","name":"Docs","importPath":"./stories/Configure.mdx","storiesImports":[],"tags":["unattached-mdx","docs"],"kind":"Configure your project","story":"Docs","parameters":{"__id":"configure-your-project--docs","docsOnly":true,"fileName":"./stories/Configure.mdx"}},"example-button--docs":{"id":"example-button--docs","title":"Example/Button","name":"Docs","importPath":"./stories/Button.stories.js","tags":["autodocs","docs"],"storiesImports":[],"kind":"Example/Button","story":"Docs","parameters":{"__id":"example-button--docs","docsOnly":true,"fileName":"./stories/Button.stories.js"}},"example-button--primary":{"id":"example-button--primary","name":"Primary","title":"Example/Button","importPath":"./stories/Button.stories.js","tags":["autodocs","story"],"kind":"Example/Button","story":"Primary","parameters":{"__id":"example-button--primary","docsOnly":false,"fileName":"./stories/Button.stories.js"}}}}
